lab_result_id,patient_id,test_type,result_value,test_date
93ae1322-c828-4239-9a23-21e998bdf1b5,d108054e-7331-42f6-a90c-9629fad31ba9,CT Scan,8.96,2025-05-11
8538cc8a-90d9-43d6-9b9b-ba998421b557,3374cab7-17d6-4cc0-bf8e-63140e2b8bc6,ECG,7.93,2025-04-20
35c97158-19e1-403d-b57a-058c32510452,7d112b07-d9a3-487d-ba9c-78a2aafc6bf3,Blood Test,1.47,2025-05-27
90da2306-31b3-468a-8da2-c56b47fa0585,d6f319a5-d5cb-4600-9dff-e59120ddddc2,X-Ray,6.21,2025-04-29
80db6470-076c-47f0-9a7d-f1a44242eea7,233739b8-f00c-48d4-8b32-77a91f64ecbd,MRI,4.27,2025-01-01
c0f6a474-c789-4922-ac6d-a3f9e9d10c72,75a9fa3b-8d06-4e73-a90f-9e98b7851083,ECG,5.29,2025-03-13
78fc8d4c-6833-4e2a-a6d0-6bd832af2549,78b6b6c9-c4c6-44b0-aa5c-493fa12c8885,X-Ray,3.43,2025-04-27
f6543434-32ed-491c-aed4-8d2a7ba1abbf,16b2a9b5-98f5-4b25-a385-707d0305a192,Blood Test,8.57,2025-05-27
135d0a61-83fc-4105-a076-65cf36868629,ead83e0e-f751-46ed-b946-59167334e52a,X-Ray,4.2,2025-06-14
ac4db441-dfa1-45a0-acd0-3671497daafa,795ca65f-faa2-44a8-8ff9-e56537fd7f1f,MRI,3.88,2025-05-22
9becd0c1-1734-4f0c-9d88-7ee1696ab47a,96be5def-c33f-416e-81cb-33b5a306de49,ECG,0.54,2025-02-14
a0720e86-6df0-417e-8f94-20b7dca2fa03,96be5def-c33f-416e-81cb-33b5a306de49,Blood Test,6.52,2025-02-13
675958bd-72f6-40b7-b6f6-a22fa7163461,8aaf2b6d-0135-4c70-9294-9dcdc5e7ffb2,X-Ray,8.89,2025-01-25
11bf50e8-debc-47b9-a2b3-76777279796f,3cccd795-04c2-495d-b28b-228ae87935b3,Blood Test,1.03,2025-01-14
97c61cc2-ad91-4964-916a-68a594ffd3e9,acf75d93-7cb1-49a3-b374-145a1a15059b,ECG,3.39,2025-01-02
27931afa-e690-428a-b01c-c6f35c65a411,caf4c25c-0ba7-4d57-9ae5-b50231920c10,X-Ray,6.56,2025-05-04
240fc0a6-00a3-44f5-b4d9-e23f21a85576,b719a3ce-d31c-4b32-8e3c-50d3377bc2f0,ECG,5.84,2025-03-07
6de99fb1-8a43-4a55-a980-ffd646973240,a36fc31d-e2af-42c3-937f-6f1e2d5057d0,Blood Test,4.63,2025-04-02
c14bccdc-5085-47c3-90da-88767ae89dfd,055319f9-6fcf-4095-b920-e28dadfef458,Blood Test,1.45,2025-01-25
2d03427d-1a72-4a63-b322-ee029cbb4464,67cbf22f-56ca-45c5-a300-ba0f9d8f2521,Blood Test,4.05,2025-02-06
66ccf720-ec7c-489b-965a-c62a96936c76,e447b00e-7698-43f1-ac77-510db4e330a5,Blood Test,0.89,2025-03-12
32d6414d-e794-4cf2-8d68-bf41b5fb62d1,76a9fa7a-f365-4443-934c-21c370f8c9a2,X-Ray,3.09,2025-06-23
de20bca5-6e46-43d7-a56f-47e5ada40712,270c7c4b-3ca6-43fb-a482-52ba12a15fc9,Blood Test,1.7,2025-05-18
ade5a8f7-182e-4add-b193-06c9b149149b,6d978c86-d63d-4696-b15c-66c1b104c77e,MRI,4.68,2025-06-05
f56d5c85-939f-4db3-9180-afd914361b2c,270c7c4b-3ca6-43fb-a482-52ba12a15fc9,X-Ray,7.25,2025-06-05
75489ae1-3949-4355-98ed-966da0c6e518,16b2a9b5-98f5-4b25-a385-707d0305a192,MRI,6.23,2025-04-05
78b6c925-9fb6-4883-b1f6-8591bf61d969,c6e34807-6193-4151-9eed-8971a3251059,Blood Test,1.68,2025-03-30
9d34099d-ea2f-49bb-b780-a5e3fd45fbb0,2caca422-2c4a-412d-8c2d-f9a1fe65f8e7,MRI,0.53,2025-06-07
7468301a-3653-4aee-a053-a7deca6d4036,ffe336b7-8d98-4802-a67a-c23dcfcc1cb9,CT Scan,9.84,2025-04-21
b7d18d62-552e-4d99-aae9-16eeb18613ce,f1b60076-aa23-4f98-bb79-66ca93cc4e44,Blood Test,6.17,2025-01-02
cd73cc9f-cec2-4133-95f0-334b5baf3416,8aaf2b6d-0135-4c70-9294-9dcdc5e7ffb2,MRI,7.87,2025-06-07
ebd9d1ed-69bb-4240-b084-4bfe5e8ac369,f1b60076-aa23-4f98-bb79-66ca93cc4e44,CT Scan,5.81,2025-04-02
7f40b2a3-7520-4c18-8aac-6472531320c4,ad2ed84d-58bc-4b1a-a945-7892e4919eed,X-Ray,1.18,2025-06-07
b9b7be49-9823-4d8e-b654-bdaacd115be3,20a6d854-00d2-4c8f-8a04-cf98a33e793a,CT Scan,7.36,2025-04-16
65f3c11e-68f4-4d0a-bd02-fc4d93555728,5ae98e38-12ad-423f-a125-070c54a3a776,CT Scan,3.84,2025-01-02
faee73a5-2eb7-40df-8198-90f631976a81,903b4359-a505-49be-ba00-7ff00101e923,ECG,9.8,2025-06-05
5215639d-d96a-4570-aae4-a95622a95dd9,ffe336b7-8d98-4802-a67a-c23dcfcc1cb9,CT Scan,9.91,2025-04-19
bd648a0a-f3c6-4364-91c9-69fb4284e955,233739b8-f00c-48d4-8b32-77a91f64ecbd,ECG,3.37,2025-01-31
ac38ee40-6a6e-44ba-8ba8-a5fbdeb853f4,82e383fb-d4b3-4b12-90a6-9fe64c60fc28,MRI,4.52,2025-04-09
6c5f111f-2c6a-4129-b5ac-127efe4d131b,6798a222-7262-48fe-8fd6-54691db32a16,CT Scan,9.44,2025-05-25
24e88f94-0a24-41ee-ab81-8b9e041f1fbf,f1b60076-aa23-4f98-bb79-66ca93cc4e44,ECG,3.49,2025-04-29
73c8c2ee-a220-4e39-8578-b095b0c24ff6,2c9af9d3-f8dd-4ebc-9cb0-d156894bf3a5,X-Ray,5.32,2025-06-10
6768ad72-c4c4-4ecd-bde9-c485407fdc2b,391bc7be-dd4b-4009-98f5-b4a8f765b2ac,CT Scan,3.67,2025-01-29
fae037e6-767e-41e9-bd01-93cf40ae41d2,52f60e9c-59c0-47ac-9a9e-9283ab28f56c,ECG,7.61,2025-05-15
056f6186-6e8b-45d9-903f-df3961a97480,06dbe899-c189-4053-8c19-991dc9864996,Blood Test,6.38,2025-02-27
3b9bd647-3a5d-4d90-9c00-0f9533bcb4ef,8aaf2b6d-0135-4c70-9294-9dcdc5e7ffb2,X-Ray,1.41,2025-05-30
d6113ea9-34dd-475e-879c-ee1ace0023cc,270c7c4b-3ca6-43fb-a482-52ba12a15fc9,CT Scan,4.59,2025-03-30
885e50e7-fd5f-4474-b8c0-001f15865ccf,b621e78c-6632-4dc9-a6d1-aff30869f741,ECG,1.49,2025-06-11
887ff6b9-766f-4ef1-b275-8ffb7b609b59,f1b60076-aa23-4f98-bb79-66ca93cc4e44,X-Ray,7.56,2025-02-22
4b22bfff-d5a0-45e3-85e5-8a494ea7867b,1216edc6-6512-4660-9bd8-ffdd9cd8e874,CT Scan,1.45,2025-05-18
cc96b824-bd6a-43b2-a7bb-9c13032cbe0b,169d32cd-b0e0-4b33-ab5a-631e43718110,MRI,6.07,2025-01-21
9b999da8-8df0-4f58-99f1-d546b6a7fb72,e1195ea3-514f-4e46-a016-6aba73f4b459,X-Ray,5.5,2025-04-21
6a06aa4e-faf8-45f7-b1e0-4132ecfb200b,64fcb838-8f95-4820-b0ef-a14c75fee5c0,ECG,0.54,2025-03-27
b2622a7a-601d-40d5-b6bc-e810b2c4843b,5175933b-2644-4a2a-b424-7228589dcaf7,X-Ray,3.94,2025-04-30
3748643c-2fa4-4dcd-8c4a-cc4e1c819b00,c6e34807-6193-4151-9eed-8971a3251059,ECG,4.36,2025-03-14
c07a0bd3-27af-49bf-aed1-2076f8f304f6,073a9ef1-196e-498f-b0f6-0f59aca2255b,CT Scan,3.03,2025-01-02
0e52f842-688e-457d-83c4-5253f44aa8c0,f1b60076-aa23-4f98-bb79-66ca93cc4e44,Blood Test,3.61,2025-05-28
dbea8bd6-5928-4859-b70b-00d804022f5d,9fbf45a0-1cc7-4206-9e75-026b43037066,X-Ray,6.05,2025-02-09
016e1a53-cec8-4009-a0ea-2fb0daed7b91,526abb61-0c8a-4b55-91f3-df98c0e60f0a,CT Scan,5.49,2025-05-02
6c13d6ee-ba88-45d7-9439-0aa4502cae06,16143431-9017-4c9a-a7c7-f7ba132d5b85,X-Ray,4.9,2025-04-08
3c0723b5-456d-48e4-b4d8-fef05e36c61c,0bb0b95f-7b8d-47a8-9b90-178925bb147b,Blood Test,1.23,2025-06-09
22adbb9e-c973-4685-a572-a28c6413018f,2760ad00-e67f-413b-8b0a-7291f202e4fe,MRI,2.65,2025-04-08
17c9e99f-49fe-453b-8112-c2ea254b8351,391bc7be-dd4b-4009-98f5-b4a8f765b2ac,X-Ray,7.58,2025-01-19
05375726-83db-4b63-8cb1-3ec71fb8a0dd,6262db09-5a25-4b01-a399-e3b3f88b7d00,ECG,5.03,2025-06-19
022be237-a4b9-447c-809e-62cf2ebf01fb,d6cdddd3-7642-4b73-9637-8adb84817b2a,MRI,7.01,2025-01-02
b64a35c1-a2a4-4032-9bd9-05301031d39d,b719a3ce-d31c-4b32-8e3c-50d3377bc2f0,Blood Test,2.66,2025-02-21
0ba6a75b-bf41-4047-94e7-daf2be5e9751,3fbd37bf-394a-4609-954f-ed77964ae91b,Blood Test,2.27,2025-02-07
c047c6c3-015f-43b1-9abf-beb7b7ae40a2,ead83e0e-f751-46ed-b946-59167334e52a,MRI,4.4,2025-05-03
856f8cb0-07aa-453e-812c-8e86211ac03b,526abb61-0c8a-4b55-91f3-df98c0e60f0a,MRI,4.86,2025-06-10
a3db3232-41d0-440e-9f99-c485970a9424,1e621e9c-47ec-4f61-8a9a-303d420276e6,MRI,5.93,2025-03-01
3f21f240-0031-4d45-a5b9-72e243b43605,b05e057b-cc55-4fc2-8724-55eb29ce44dd,Blood Test,2.13,2025-01-18
66352c70-3624-4b94-91e4-315dd915044a,d6cdddd3-7642-4b73-9637-8adb84817b2a,ECG,1.86,2025-05-23
1f129a17-deda-4f9b-a9e3-f5075d7fee5b,68be2187-9014-40d8-b2c5-e15117ab7490,CT Scan,6.6,2025-03-01
3d6d86ee-bcc6-4b14-9e77-dc2d8c2da82a,06c18ad3-aacf-4c88-9a6f-f18198d7d193,X-Ray,3.94,2025-06-02
33e7411d-42f8-4593-a86a-b6cde2334173,96be5def-c33f-416e-81cb-33b5a306de49,MRI,3.99,2025-05-25
d1522089-dbc8-4646-b57b-dddf783444d6,7d112b07-d9a3-487d-ba9c-78a2aafc6bf3,ECG,6.11,2025-03-30
17a0c60a-1eb3-4d98-8103-0a4aec9a09eb,bc946879-aa4a-45cd-bc43-adf6e7bda6c4,CT Scan,7.92,2025-02-28
983d67d6-3a0e-4d99-91be-e4602debfa36,96be5def-c33f-416e-81cb-33b5a306de49,Blood Test,2.89,2025-01-08
2d6b1dc1-6f18-4db3-bbca-a96435c1d203,62ec2325-3bb7-4c60-83a4-a751b72f704d,ECG,7.41,2025-01-01
c700fd55-1501-4aa5-b94e-5cc8f9b93298,78b6b6c9-c4c6-44b0-aa5c-493fa12c8885,CT Scan,0.71,2025-05-05
13c10989-3533-4e1e-a9ee-fb79b4c0c4a1,a36fc31d-e2af-42c3-937f-6f1e2d5057d0,CT Scan,2.26,2025-04-12
36c651bc-2bb3-468f-acb1-44b1fdb308f5,526abb61-0c8a-4b55-91f3-df98c0e60f0a,Blood Test,3.24,2025-03-28
2b0773a2-f6c2-4248-86ad-a838271f4e50,f1b60076-aa23-4f98-bb79-66ca93cc4e44,CT Scan,5.62,2025-01-19
fa5ea2ba-54f4-43d3-8663-53026c017fc8,270c7c4b-3ca6-43fb-a482-52ba12a15fc9,CT Scan,5.11,2025-03-06
0c02a2fa-a691-4bfe-ba30-962dd8b53802,6acf4d51-d893-4488-b464-4eb89b041da3,X-Ray,5.57,2025-06-14
2b06a915-0a09-4aa1-9a28-ada469a218af,5043a13c-2e06-456a-913f-60f35e4da5a4,Blood Test,9.25,2025-06-06
7c8d9878-3632-4ebf-99d6-f6e3e1224ab4,64fcb838-8f95-4820-b0ef-a14c75fee5c0,ECG,5.5,2025-05-27
75e52933-0182-4c1b-a93f-39ff41295fbc,073a9ef1-196e-498f-b0f6-0f59aca2255b,X-Ray,2.56,2025-01-30
147e9f3d-8b26-4413-b55b-4eba2059a79f,d108054e-7331-42f6-a90c-9629fad31ba9,MRI,4.49,2025-01-23
191058d2-03dd-4cc2-83b4-92182ceb538d,64fcb838-8f95-4820-b0ef-a14c75fee5c0,X-Ray,1.1,2025-04-27
5aa9e739-e704-4262-9ed5-d7659a7e239e,a5e40512-a4dd-4539-aed6-effa52441ba2,X-Ray,4.05,2025-05-12
73851c31-713d-4ca6-ba71-ecd5d1242f3e,d6cdddd3-7642-4b73-9637-8adb84817b2a,ECG,6.24,2025-03-20
509e9139-3b12-4922-b303-f6cc9e631f53,f1b60076-aa23-4f98-bb79-66ca93cc4e44,ECG,5.5,2025-02-20
15616adc-0c32-4f11-a8d2-1505220df198,caf4c25c-0ba7-4d57-9ae5-b50231920c10,X-Ray,5.42,2025-03-05
fdce9658-7a17-4551-ab60-098b2eaed2ff,79913549-2e90-4934-8cdf-f38eec0d0253,CT Scan,2.83,2025-05-23
1813d5a7-9b32-46dc-a598-732d547b0c5c,f5e2bf5a-2f9b-4b0d-ac42-a41e1d862ed3,ECG,9.39,2025-05-02
ed6bde4b-fb26-4daa-b6f2-ba8e09776be9,2c9af9d3-f8dd-4ebc-9cb0-d156894bf3a5,MRI,6.06,2025-03-17
3185594a-9432-415b-aaae-853afe06c09a,7637ef56-ba56-4c98-aea6-e70761544e3e,MRI,5.7,2025-02-23
e289c0b6-1b97-4028-9182-bb90d3de65b2,bc946879-aa4a-45cd-bc43-adf6e7bda6c4,ECG,1.5,2025-02-10
bde7b386-bd2b-44d7-a9fb-90000122a374,5f5137c4-191b-43b3-9816-56d9580f6b58,ECG,9.41,2025-01-03
